UNIQUE CODE,STATE,PARLIAMENTARY CODE,PARLIAMENTARY NAME,LATITUDE,LONGITUDE,TOTAL ELECTORS,MALAY (%),CHINESE (%),INDIANS (%),ORANG ASLI (%),BUMIPUTERA SABAH (%),BUMIPUTERA SARAWAK (%),OTHERS (%),ELECTORS - NORMAL VOTERS (%),ELECTORS - ABSENT VOTERS (%),ELECTORS - POLICE (%),ELECTORS - MILITARY (%),18-20 (%),21-29 (%),30-39 (%),40-49 (%),50-59 (%),60-69 (%),70-79 (%),80-89 (%),ABOVE 90 (%),MALE ELECTORS (%),WOMEN ELECTORS (%),URBAN-RURAL CLASSIFICATION (2022)
P.001,Perlis,P.001,Padang Besar,6.65906,100.319229,60192,86.01,8.14,0.88,0.01,0.33,0.57,4.06,96.35,0.01,0.76,2.88,5.92,21.35,24.86,16.09,12.74,10.78,6.04,1.87,0.35,50.18,49.82,SEMI URBAN
P.002,Perlis,P.002,Kangar,6.43994,100.192909,74859,81.58,14.73,1.57,0,0.13,0.08,1.9,98.63,0.01,1.36,0,6.25,21.51,23.09,15.83,13.45,11.6,6.04,1.88,0.35,49.54,50.46,SEMI URBAN
P.003,Perlis,P.003,Arau,6.429708,100.269844,60876,87.23,7.81,1.59,0.01,0.12,0.09,3.15,99.24,0.01,0.58,0.17,5.98,20.31,21.9,16.91,15.12,11.39,5.95,2.11,0.33,48.84,51.16,SEMI URBAN
P.004,Kedah,P.004,Langkawi,6.35,99.800003,66777,89.65,6.75,2.38,0,0.3,0.17,0.75,98.31,0.01,1,0.69,8,25.93,22.76,17.59,13.22,8.04,3.28,1,0.18,50.84,49.16,SEMI URBAN
P.005,Kedah,P.005,Jerlun,6.24003,100.256821,67601,90.75,6.78,0.11,0,0.05,0.04,2.27,99.95,0,0.05,0,5.66,19.39,21.58,17.45,15.46,11.64,6.38,2.13,0.31,49.27,50.73,RURAL
P.006,Kedah,P.006,Kubang Pasu,6.3356376,100.3723218,108217,85.99,8.72,3.38,0.01,0.18,0.17,1.54,97.61,0.02,0.58,1.79,7.42,24.46,23.05,15.79,12.68,10.05,4.87,1.47,0.21,49.72,50.28,SEMI URBAN
P.007,Kedah,P.007,Padang Terap,6.2566513,100.6645805,59806,91.66,1.3,0.14,0,0.06,0.04,6.81,99.65,0,0.34,0,6.29,22.21,23.34,17.33,14.15,9.88,4.83,1.74,0.24,49,51,RURAL
P.008,Kedah,P.008,Pokok Sena,6.1730525,100.5203915,114838,81.32,15.24,2.48,0.01,0.08,0.09,0.79,97.99,0.01,0.73,1.27,5.71,21.32,23.05,16.89,13.7,11.05,5.94,2.03,0.32,49.52,50.48,SEMI URBAN
P.009,Kedah,P.009,Alor Setar,6.1231908,100.3683962,105994,63.18,31.76,4.26,0.01,0.08,0.06,0.65,99.32,0.02,0.66,0,5.12,19.28,21.83,16.63,14.08,13.06,7.19,2.23,0.57,48.97,51.03,URBAN
P.010,Kedah,P.010,Kuala Kedah,6.1072177,100.2934899,132500,75.96,22.25,1.18,0,0.04,0.05,0.52,99.93,0.01,0.06,0,6.06,21.47,22.39,17.45,13.77,11.37,5.45,1.77,0.27,49.1,50.9,SEMI URBAN
P.011,Kedah,P.011,Pendang,5.9720841,100.5501852,94547,88.47,4.75,0.5,0,0.04,0.03,6.21,99.81,0,0.18,0,6.11,20.81,21.93,17.7,14.84,10.69,5.55,2.07,0.3,48.59,51.41,RURAL
P.012,Kedah,P.012,Jerai,5.787128,100.4347358,105001,80.43,13.03,6.01,0.01,0.06,0.05,0.42,99.73,0.01,0.21,0.05,6.38,21.39,20.93,17.6,15.08,10.83,5.49,1.93,0.38,49.22,50.78,SEMI URBAN
P.013,Kedah,P.013,Sik,5.9239011,100.8231021,63126,92.5,1.46,0.14,0.01,0.08,0.04,5.76,99.74,0,0.26,0,6.25,21.2,23.25,18.33,14.03,10.02,4.91,1.71,0.3,49.35,50.65,RURAL
P.014,Kedah,P.014,Merbok,5.7226681,100.4136266,132444,69.06,15.3,14.41,0.01,0.2,0.31,0.7,96.17,0.01,0.25,3.57,7.66,25.06,22.81,16.54,12.99,9.63,4.01,1.08,0.22,49.68,50.32,SEMI URBAN
P.015,Kedah,P.015,Sungai Petani,5.6435195,100.4869513,168847,60.99,25.75,12.45,0.01,0.09,0.07,0.66,99.9,0.01,0.08,0,7.43,24.36,20.75,16.02,14.41,10.54,4.72,1.45,0.32,48.96,51.04,URBAN
P.016,Kedah,P.016,Baling,5.5507199,100.797587,132099,89.24,4.27,4.63,0.14,0.08,0.05,1.58,99.77,0.01,0.22,0,6.27,22.07,22.59,17.44,14.55,10.15,4.81,1.77,0.35,49.04,50.96,RURAL
P.017,Kedah,P.017,Padang Serai,5.5126654,100.554626,133867,62.18,17.75,19.36,0,0.08,0.08,0.55,99.93,0.01,0.06,0,9,26.62,20.13,16.16,13.88,9.01,3.76,1.19,0.25,48.99,51.01,SEMI URBAN
P.018,Kedah,P.018,Kulim-Bandar Baharu,5.2099939,100.6118843,90141,69.73,17.19,12.53,0,0.12,0.08,0.35,98.34,0.01,1.65,0,6.19,21.96,22.02,17.07,14.65,10.82,5.14,1.79,0.35,49.45,50.55,SEMI URBAN
P.019,Kelantan,P.019,Tumpat,6.2002519,102.1706651,149371,92.28,3.64,0.14,0.01,0.04,0.03,3.86,99.72,0.01,0.27,0,6.97,23.31,23.66,16.73,13.31,9.54,4.56,1.47,0.47,50.03,49.97,SEMI URBAN
P.020,Kelantan,P.020,Pengkalan Chepa,6.172658,102.293098,106982,96.96,1.85,0.12,0.01,0.1,0.07,0.9,97.52,0.02,1.1,1.36,7.76,25.88,25.62,16.45,11.77,7.9,3.51,0.9,0.22,49.63,50.37,URBAN
P.021,Kelantan,P.021,Kota Bharu,6.12584,102.2399785,115450,84.33,13.75,0.76,0,0.06,0.06,1.04,99.24,0.02,0.74,0,5.45,20.86,23.96,16.79,13.82,11.33,5.74,1.62,0.43,49.34,50.66,URBAN
P.022,Kelantan,P.022,Pasir Mas,6.0080942,102.0925134,94544,97.29,1.96,0.06,0,0.05,0.02,0.62,99.87,0,0.13,0,6.53,22.73,23.45,16.89,13.37,9.75,5.04,1.71,0.53,49.45,50.55,SEMI URBAN
P.023,Kelantan,P.023,Rantau Panjang,6.0181186,101.9728195,93248,96.65,1.95,0.07,0,0.06,0.05,1.22,99.56,0.02,0.38,0.04,7.04,23.44,22.95,16.32,13.55,9.81,4.75,1.6,0.54,50.33,49.67,SEMI URBAN
P.024,Kelantan,P.024,Kubang Kerian,6.0940366,102.2845137,113640,97.34,2,0.16,0,0.04,0.04,0.41,99.9,0.01,0.09,0,7.54,25.42,24.78,15.75,12.22,8.67,4.23,1.11,0.27,49.14,50.86,SEMI URBAN
P.025,Kelantan,P.025,Bachok,6.0616322,102.4008505,123183,98.26,1.08,0.04,0.01,0.05,0.04,0.52,99.79,0.01,0.2,0,7.42,24.14,24.92,16.92,12.65,8.53,4.15,1.05,0.22,49.08,50.92,SEMI URBAN
P.026,Kelantan,P.026,Ketereh,5.9588765,102.251282,85281,96.6,1.91,0.08,0.01,0.25,0.51,0.65,96.41,0.01,0.06,3.53,6.95,23.98,24.99,16.96,12.93,8.84,4.06,1.08,0.21,50.07,49.93,SEMI URBAN
P.027,Kelantan,P.027,Tanah Merah,5.7663046,102.0341478,98782,94.32,4.11,0.49,0,0.06,0.05,0.97,99.71,0.01,0.28,0,6.85,23.47,24.66,17.41,12.86,9.57,3.97,1.03,0.19,49.33,50.67,SEMI URBAN
P.028,Kelantan,P.028,Pasir Puteh,5.8346168,102.3829644,113070,98.04,0.89,0.04,0,0.05,0.04,0.94,99.76,0.01,0.23,0,7.22,23.88,24.06,16.71,13.27,8.94,4.42,1.24,0.26,48.6,51.4,SEMI URBAN
P.029,Kelantan,P.029,Machang,5.7641131,102.214217,88825,96.34,3.09,0.16,0,0.05,0.06,0.29,99.69,0.01,0.29,0.01,6.57,23.05,24.21,16.85,13.64,9.68,4.44,1.29,0.27,49.3,50.7,SEMI URBAN
P.030,Kelantan,P.030,Jeli,5.6955226,101.8449367,59798,97.72,0.18,0.12,0.79,0.36,0.26,0.58,96.83,0,0.48,2.69,6.63,23.65,24.35,17.63,13.33,8.84,4.01,1.18,0.38,50.5,49.5,RURAL
P.031,Kelantan,P.031,Kuala Krai,5.5311582,102.1993666,92335,94.12,4.11,1.12,0.01,0.06,0.05,0.54,99.7,0,0.3,0,7.07,23.98,25.1,17.16,12.42,8.85,3.97,1.21,0.24,50.13,49.87,RURAL
P.032,Kelantan,P.032,Gua Musang,4.8792724,101.9652332,70254,78.55,5.81,0.47,14.5,0.1,0.08,0.5,99.63,0.01,0.37,0,8.25,27.04,26.94,15.24,9.89,8.31,3.56,0.65,0.13,50.87,49.13,RURAL
P.033,Terengganu,P.033,Besut,5.5833333,102.5,111650,97.97,1.3,0.09,0.02,0.09,0.07,0.45,98.42,0.01,0.34,1.23,7.44,25.1,25.7,16.9,12.15,8.01,3.61,0.92,0.17,49.85,50.15,SEMI URBAN
P.034,Terengganu,P.034,Setiu,5.5500806,102.7355111,107294,99.23,0.28,0.04,0.01,0.09,0.06,0.3,99.7,0,0.27,0.02,7.04,24.61,26.14,17.64,12.05,7.77,3.55,1,0.18,49.6,50.4,RURAL
P.035,Terengganu,P.035,Kuala Nerus,5.3333333,103,105952,98.38,1.05,0.09,0,0.1,0.06,0.32,98.48,0.01,0.72,0.79,7.33,25.17,26.44,16.74,11.96,7.98,3.32,0.93,0.12,50.03,49.97,URBAN
P.036,Terengganu,P.036,Kuala Terengganu,5.3296461,103.1383265,123305,90.23,8.65,0.55,0,0.08,0.07,0.42,98.84,0.02,1.11,0.03,5.56,20.57,25.1,17.69,13.85,10.65,4.86,1.46,0.26,49.72,50.28,URBAN
P.037,Terengganu,P.037,Marang,5.1666667,103.1666667,131756,97.53,1.87,0.08,0,0.06,0.06,0.39,99.43,0.01,0.43,0.13,7.26,24.5,26.03,16.62,12.5,8.37,3.5,1.07,0.14,49.74,50.26,SEMI URBAN
P.038,Terengganu,P.038,Hulu Terengganu,4.910689,102.7650701,87917,98.82,0.43,0.04,0.31,0.06,0.05,0.29,99.73,0,0.26,0,6.22,22.45,27.05,17.57,12.1,8.96,4.11,1.31,0.24,49.59,50.41,RURAL
P.039,Terengganu,P.039,Dungun,4.7643972,103.4184463,115559,95.71,3.16,0.19,0.01,0.13,0.09,0.72,99.47,0.01,0.48,0.03,7.53,24.49,25.62,17.24,12.59,8.29,3.28,0.79,0.16,50.05,49.95,SEMI URBAN
P.040,Terengganu,P.040,Kemaman,4.239674,103.1914299,139423,93.17,5.06,0.53,0.23,0.11,0.16,0.74,99.71,0.01,0.27,0.01,7.81,24.02,25.15,17.42,12.6,8.65,3.39,0.79,0.17,50.57,49.43,SEMI URBAN
P.041,Pulau Pinang,P.041,Kepala Batas,5.5143846,100.4362369,83081,79.9,15.5,4.17,0,0.09,0.07,0.26,99.17,0,0.83,0,7.5,23.32,20.5,17.43,14.92,9.63,5,1.49,0.2,49.38,50.62,SEMI URBAN
P.042,Pulau Pinang,P.042,Tasek Gelugor,5.4821102,100.4980002,80868,77.93,15.08,6.35,0,0.16,0.15,0.31,96.77,0.01,0.15,3.07,6.54,22.31,22.6,17.64,14.27,9.9,5.07,1.48,0.21,49.41,50.59,SEMI URBAN
P.043,Pulau Pinang,P.043,Bagan,5.4067343,100.3696461,89447,14.51,69.32,15.63,0,0.13,0.05,0.36,99.8,0,0.2,0,4.81,16.31,18.3,18.22,17.48,14.43,7.7,2.24,0.51,49.32,50.68,URBAN
P.044,Pulau Pinang,P.044,Permatang Pauh,5.410228,100.413226,107186,73.12,19.46,6.6,0.01,0.17,0.09,0.55,99.28,0.01,0.71,0,6.29,20.86,21.19,17.59,15.74,11.57,5.23,1.32,0.21,49.16,50.84,URBAN
P.045,Pulau Pinang,P.045,Bukit Mertajam,5.3642519,100.4609867,120819,21.16,67.38,10.87,0,0.12,0.05,0.41,99.96,0.01,0.03,0,5.93,20.07,19.99,17.61,15.32,12.28,6.52,1.96,0.31,48.93,51.07,URBAN
P.046,Pulau Pinang,P.046,Batu Kawan,5.2625962,100.4304555,88812,22.82,54.05,22.27,0,0.2,0.07,0.58,99.78,0,0.22,0,6.37,20.33,20.02,17.89,16,11.56,5.76,1.72,0.34,49.03,50.97,URBAN
P.047,Pulau Pinang,P.047,Nibong Tebal,5.1700963,100.4785191,100062,46.75,34.72,17.86,0.01,0.13,0.07,0.47,99.45,0.01,0.54,0,6.98,22.65,20.89,17.92,15.14,9.84,4.96,1.38,0.24,48.66,51.34,SEMI URBAN
P.048,Pulau Pinang,P.048,Bukit Bendera,5.4245765,100.2689827,92521,15.07,71.12,12.04,0.01,0.22,0.15,1.39,98.84,0.02,0.6,0.54,3.6,13.55,16,16.53,17.94,16.1,10.78,4.5,1.01,47.25,52.75,URBAN
P.049,Pulau Pinang,P.049,Tanjong,5.4647757,100.284463,52803,6.28,81.75,11.24,0,0.12,0.09,0.51,98.29,0,1.62,0.09,1.94,8.53,12.45,14.66,19.43,22.25,13.27,4.78,2.69,50.56,49.44,URBAN
P.050,Pulau Pinang,P.050,Jelutong,5.3873462,100.3145585,93989,21.02,63.2,14.88,0,0.16,0.09,0.64,99.01,0.01,0.99,0,4.16,15.25,18.55,17.65,16.93,15.49,8.54,2.8,0.63,48.05,51.95,URBAN
P.051,Pulau Pinang,P.051,Bukit Gelugor,5.3794182,100.3047639,117134,14.64,71.69,12.83,0,0.12,0.09,0.63,99.85,0.02,0.07,0.06,4.76,16.99,19.19,18.58,16.38,13.12,7.75,2.72,0.5,47.78,52.22,URBAN
P.052,Pulau Pinang,P.052,Bayan Baru,5.3248811,100.285231,119640,38.77,47.85,12.18,0,0.3,0.19,0.71,98.11,0.03,0.27,1.6,5.49,19.02,21.45,18.3,15.4,12.45,6.01,1.63,0.24,48.57,51.43,URBAN
P.053,Pulau Pinang,P.053,Balik Pulau,5.3506953,100.2348979,80264,65.23,29.05,4.83,0.01,0.24,0.14,0.5,99.01,0.01,0.98,0,6.62,21.86,20.65,17.1,15.86,11.07,5.01,1.57,0.27,49.85,50.15,SEMI URBAN
P.054,Perak,P.054,Gerik,5.4306632,101.1296386,47565,66.84,13.51,3.03,12.05,0.63,0.74,3.2,94.09,0.01,2.32,3.58,6.95,24.77,24.73,16.06,12.35,9.4,4.02,1.44,0.28,52.49,47.51,RURAL
P.055,Perak,P.055,Lenggong,5.1094869,100.9678905,36950,83.21,11.8,1.38,3.12,0.12,0.06,0.31,99.86,0,0.14,0,5.38,19.47,24.95,17.28,13.18,11.25,5.98,2.07,0.43,49.51,50.49,RURAL
P.056,Perak,P.056,Larut,4.853766,100.7436053,65719,89.94,3.92,5.62,0.01,0.09,0.05,0.38,99.65,0.01,0.34,0,5.95,21.62,22.92,17.35,13.6,10.58,5.63,1.98,0.36,49.12,50.88,RURAL
P.057,Perak,P.057,Parit Buntar,5.1300016,100.4893897,68502,68.43,25.88,5.1,0,0.07,0.04,0.48,99.85,0.01,0.14,0,5.55,19.49,20.81,18.59,16.25,11.07,6.01,1.81,0.41,50.05,49.95,SEMI URBAN
P.058,Perak,P.058,Bagan Serai,5.0284508,100.5273516,80293,78.25,12.36,9.01,0.01,0.06,0.05,0.26,99.59,0,0.41,0,6.29,21.26,21.85,17.71,15.13,10.12,5.48,1.76,0.4,49.71,50.29,SEMI URBAN
P.059,Perak,P.059,Bukit Gantang,4.7833333,100.76667,94253,71.25,19.14,9.04,0.01,0.1,0.08,0.38,99.91,0.01,0.08,0,5.71,21.22,23.35,17.11,13.98,11.41,5.32,1.58,0.32,49.41,50.59,SEMI URBAN
P.060,Perak,P.060,Taiping,4.8546772,100.7438831,121566,39.67,44.38,14.45,0.03,0.29,0.54,0.64,96.3,0.01,0.4,3.28,4.72,18.95,22.3,16.12,13.67,13.32,7.59,2.73,0.59,49.11,50.89,URBAN
P.061,Perak,P.061,Padang Rengas,4.7777852,100.8576433,38686,77.87,14.82,6.75,0,0.08,0.06,0.43,99.89,0.01,0.11,0,5.11,19.18,22.12,16.95,14.8,12.26,6.35,2.68,0.56,49.52,50.48,SEMI URBAN
P.062,Perak,P.062,Sungai Siput,4.8188086,101.071298,72395,34.2,34.67,21.13,9.59,0.07,0.06,0.29,99.59,0,0.4,0,5.6,19.39,20.54,17.95,15.65,11.84,6.21,2.38,0.44,49.97,50.03,SEMI URBAN
P.063,Perak,P.063,Tambun,4.6112263,101.1400876,160558,64.63,20.49,12.48,0.99,0.29,0.41,0.71,97.04,0.01,1.62,1.33,6.9,23.24,22.74,16.81,13.6,10.48,4.71,1.3,0.22,49.54,50.46,URBAN
P.064,Perak,P.064,Ipoh Timor,4.5763317,101.1308762,118178,23.08,68.41,7.49,0.03,0.15,0.13,0.71,97.81,0.03,1.66,0.5,3.74,14.16,17.92,17.21,15.8,15.35,10.29,4.44,1.08,49.12,50.88,URBAN
P.065,Perak,P.065,Ipoh Barat,4.5954401,101.0622002,114654,13.15,59.11,26.96,0.04,0.08,0.1,0.56,99.24,0.01,0.26,0.49,4.29,16.62,18.35,17,16.23,14.42,8.76,3.43,0.89,48.99,51.01,URBAN
P.066,Perak,P.066,Batu Gajah,4.4598846,101.0492993,111896,12.65,69.09,17.59,0.1,0.08,0.06,0.43,99.47,0.01,0.5,0.02,5,17.84,17.76,18.39,16.78,13.32,7.6,2.84,0.48,50.54,49.46,URBAN
P.067,Perak,P.067,Kuala Kangsar,4.7720713,100.9408776,46985,70.35,21.02,6.57,1.17,0.1,0.07,0.73,99.28,0.01,0.71,0,5.35,19.67,21.86,17.32,14.17,12.01,6.28,2.71,0.62,49.36,50.64,SEMI URBAN
P.068,Perak,P.068,Beruas,4.5002829,100.7824056,108249,27.13,56.81,15.17,0.01,0.25,0.2,0.42,99.82,0.01,0.16,0,5.49,18.89,20.67,17.71,15.07,12.28,6.94,2.42,0.53,50.31,49.69,SEMI URBAN
P.069,Perak,P.069,Parit,4.4768608,100.9093896,47915,92.34,2,2.52,2.22,0.12,0.13,0.68,99.01,0,0.76,0.23,6.01,21.25,22.49,16.88,14.68,11.09,4.96,2.25,0.39,49.61,50.39,SEMI URBAN
P.070,Perak,P.070,Kampar,4.30066,101.1614462,89894,34.58,52.64,10.12,2.02,0.1,0.09,0.46,99.57,0.01,0.42,0,4.48,16.49,18.55,17.55,16.7,14.15,8.07,3.3,0.73,50.65,49.35,SEMI URBAN
P.071,Perak,P.071,Gopeng,4.476786,101.168079,143657,42.69,44.76,9.63,2.11,0.16,0.11,0.52,99.16,0.02,0.23,0.59,6.26,22.09,21,16.92,14.7,11.24,5.56,1.91,0.33,49.31,50.69,URBAN
P.072,Perak,P.072,Tapah,4.1990915,101.2599231,61946,45.53,24.48,13.9,14.88,0.15,0.14,0.92,97.34,0.01,1.59,1.06,5.23,19.99,22.61,16.74,14.36,11.82,6.18,2.48,0.58,50.27,49.73,RURAL
P.073,Perak,P.073,Pasir Salak,4.1731723,100.945408,74761,80.97,12.21,3.26,3.14,0.07,0.05,0.3,99.89,0.01,0.11,0,6.04,21.25,23.47,17.84,13.8,9.72,5.64,1.84,0.39,49.87,50.13,RURAL
P.074,Perak,P.074,Lumut,4.2246469,100.6211525,92972,72.2,14.13,11.36,0.03,1.07,0.63,0.59,90.39,0.01,0.56,9.03,6.61,23.94,25.1,17.04,12.43,9.62,3.97,1.02,0.25,52.54,47.46,SEMI URBAN
P.075,Perak,P.075,Bagan Datuk,3.9166667,100.9166667,58183,56.44,20.44,21.6,0.01,0.31,0.07,1.13,99.79,0.01,0.2,0,4.84,19.36,24.2,17,14.03,11.34,6.69,2.05,0.51,50.42,49.58,RURAL
P.076,Perak,P.076,Teluk Intan,4.023176,101.026184,87222,41.88,38.36,18.69,0.25,0.05,0.05,0.71,99.54,0.01,0.45,0,4.98,19.18,22.33,16.49,14,12.74,7.24,2.4,0.64,48.95,51.05,URBAN
P.077,Perak,P.077,Tanjong Malim,3.6900079,101.5234848,93873,54.96,23.65,13,7.19,0.13,0.1,0.96,99.48,0,0.45,0.06,5.49,19.39,23.62,18,12.77,11.3,6.91,2.02,0.5,50.16,49.84,SEMI URBAN
P.078,Pahang,P.078,Cameron Highlands,4.4781546,101.4833091,46020,30.97,27.15,12.19,28.71,0.28,0.11,0.59,99.22,0.01,0.54,0.23,7.17,22.76,22.45,16.8,13.32,9.95,5.19,1.86,0.5,50.56,49.44,SEMI URBAN
P.079,Pahang,P.079,Lipis,4.3242506,101.9085845,47124,78.23,14.76,4.99,1.14,0.11,0.08,0.69,98.08,0,0.63,1.29,6.02,22.01,23.76,15.61,13.88,10.86,5.24,2.17,0.45,50.88,49.12,RURAL
P.080,Pahang,P.080,Raub,3.7950465,101.8560075,75064,52.06,36.59,6.19,4.34,0.07,0.06,0.69,99.49,0.01,0.45,0.05,5.27,19.24,23.14,16.59,14.56,12.16,6.34,2.28,0.41,50.68,49.32,SEMI URBAN
P.081,Pahang,P.081,Jerantut,4.2834137,102.5575232,87051,82.2,11.77,2.45,2.66,0.09,0.07,0.75,99.59,0.01,0.37,0.04,6.36,20.94,25.09,18.81,12.45,8.79,5.86,1.48,0.21,50.19,49.81,RURAL
P.082,Pahang,P.082,Indera Mahkota,3.829399,103.2942076,120549,67.34,25.48,5.58,0.09,0.4,0.26,0.86,98.33,0.01,0.99,0.67,8.48,25.95,23.24,16.07,12.7,9.16,3.37,0.88,0.15,50.02,49.98,URBAN
P.083,Pahang,P.083,Kuantan,3.7985637,103.32199,87597,69.03,26.3,3.22,0.22,0.17,0.13,0.92,98.2,0.01,1.75,0.04,6.51,21.69,21.83,16.03,14.52,11.74,5.58,1.73,0.38,50.43,49.57,SEMI URBAN
P.084,Pahang,P.084,Paya Besar,3.7861754,103.233338,79744,83.96,11.06,1.92,1.56,0.1,0.12,1.28,99.86,0.01,0.09,0.04,7.26,22.9,24.67,16.88,12.72,9.73,4.5,1.18,0.17,49.7,50.3,RURAL
P.085,Pahang,P.085,Pekan,3.4895509,103.390396,119443,84.96,1.79,0.7,9.39,0.35,0.53,2.28,94.07,0.01,0.36,5.55,7.04,23.93,27.02,17.47,11.48,8.51,3.43,0.92,0.21,50.77,49.23,SEMI URBAN
P.086,Pahang,P.086,Maran,3.601443,102.6410048,53128,89.36,5.8,1.38,2.3,0.09,0.07,0.99,99.58,0,0.42,0,6.19,19.63,23.52,19.63,14.62,7.87,6.22,2.08,0.25,49.92,50.08,RURAL
P.087,Pahang,P.087,Kuala Krau,3.709684,102.367585,60537,88.7,2.52,2.07,5.96,0.1,0.06,0.59,99.93,0,0.07,0,6.02,19.29,26.39,20.5,11.12,9.09,6.22,1.19,0.18,49.45,50.55,RURAL
P.088,Pahang,P.088,Temerloh,3.6124468,102.2566818,106829,66.28,21.05,8.12,1.38,0.35,0.54,2.29,97.61,0.01,0.48,1.9,6.72,23.82,24.21,16.12,13.11,9.96,4.31,1.46,0.29,50.18,49.82,SEMI URBAN
P.089,Pahang,P.089,Bentong,3.3624708,102.0172675,87058,49.25,37.99,9.09,2.65,0.16,0.17,0.68,98.6,0.01,0.35,1.03,5.38,19.05,22.37,17.47,15.19,11.66,6.4,2.16,0.32,50.98,49.02,SEMI URBAN
P.090,Pahang,P.090,Bera,3.2366738,102.5417723,77669,62.04,27.82,3.66,5.18,0.27,0.32,0.71,95.1,0.01,0.36,4.53,5.73,20.41,25.92,18.25,12.71,9.59,5.77,1.44,0.18,51.26,48.74,RURAL
P.091,Pahang,P.091,Rompin,2.8245772,103.0993556,89131,83.29,2.43,0.89,11.87,0.16,0.1,1.25,99.29,0,0.38,0.33,6.51,22.75,28.78,16.66,10.38,10,4.14,0.65,0.13,49.84,50.16,RURAL
P.092,Selangor,P.092,Sabak Bernam,3.6871153,101.0580588,51609,81.32,13.05,4.88,0.01,0.1,0.09,0.56,99.89,0,0.1,0.01,6.01,20.67,23.57,16.59,14.64,10.4,5.89,1.82,0.42,49.18,50.82,RURAL
P.093,Selangor,P.093,Sungai Besar,3.6777145,100.9880263,64382,67.33,29.33,2.1,0.01,0.21,0.09,0.93,99.49,0,0.5,0,5.95,22.25,24.14,16.94,14.62,9.42,4.92,1.48,0.28,50.51,49.49,SEMI URBAN
P.094,Selangor,P.094,Hulu Selangor,3.5367441,101.5949347,154317,62.81,18.14,15.13,1.84,0.34,0.27,1.47,99.12,0.01,0.69,0.18,8.03,25.48,20.8,15.83,15,9.41,3.89,1.29,0.27,49.63,50.37,SEMI URBAN
P.095,Selangor,P.095,Tanjong Karang,3.4248609,101.1765284,62194,73.15,17.2,8.23,0.01,0.1,0.05,1.26,99.95,0.01,0.04,0,6.17,21.19,23.26,17.68,14.65,10.13,5.03,1.51,0.37,50.17,49.83,RURAL
P.096,Selangor,P.096,Kuala Selangor,3.3621022,101.3455503,102951,66.81,12.06,19.55,0.01,0.2,0.12,1.24,99.61,0.01,0.38,0,7.99,24.61,21.83,16.74,14.34,9.06,4.03,1.11,0.28,49.46,50.54,SEMI URBAN
P.097,Selangor,P.097,Selayang,3.2537121,101.6539012,181539,51.59,26.3,17.9,0.26,0.42,0.28,3.24,99.64,0.01,0.34,0.02,8.34,25.33,21.15,16.4,14.39,9.52,3.67,1.02,0.19,49.57,50.43,URBAN
P.098,Selangor,P.098,Gombak,3.3,101.7,206744,69.94,10.86,10.86,0.5,0.26,0.19,7.39,99.75,0.04,0.11,0.1,6.65,21.78,23,17.5,13.89,11.04,4.93,1.06,0.16,49.62,50.38,URBAN
P.099,Selangor,P.099,Ampang,3.1505141,101.7600712,133494,51.4,32.44,9.68,0.01,0.44,0.29,5.74,99.74,0.03,0.23,0,6.34,21.08,21.35,17.31,15.21,11.8,5.21,1.47,0.22,49.29,50.71,URBAN
P.100,Selangor,P.100,Pandan,3.1359876,101.7204333,148730,40.22,46.97,7.95,0.02,0.76,0.34,3.75,99.59,0.02,0.39,0,5.58,20.17,22.61,18.39,16.04,11.71,4.31,1.06,0.12,49.3,50.7,URBAN
P.101,Selangor,P.101,Hulu Langat,3.083333,101.833333,166902,63.45,20.97,10.72,0.9,0.49,0.35,3.12,98.14,0.02,1.84,0,8.92,25.99,21.37,16.22,13.67,9.23,3.45,0.98,0.16,50.03,49.97,URBAN
P.102,Selangor,P.102,Bangi,2.9040475,101.7863029,303430,48.43,36.96,11.19,0.01,0.61,0.4,2.39,99.55,0.03,0.31,0.11,8.61,25.83,21.6,16.64,13.73,9.18,3.47,0.83,0.11,49.45,50.55,URBAN
P.103,Selangor,P.103,Puchong,3.0327,101.6188,152861,37.26,49.4,10.95,0.18,0.71,0.35,1.15,99.72,0.02,0.24,0.02,7.7,23.02,19.58,19.4,15.21,9.61,4.23,1.12,0.13,50.06,49.94,URBAN
P.104,Selangor,P.104,Subang,3.0342324,101.6170345,230940,26.25,54.04,16.81,0.01,0.81,0.49,1.59,99.22,0.04,0.66,0.08,6.61,21.45,20.05,17.62,16.44,12.05,4.52,1.13,0.13,49.42,50.58,URBAN
P.105,Selangor,P.105,Petaling Jaya,3.0988792,101.6454202,195148,46.15,29.56,20.73,0.01,0.66,0.35,2.53,97.77,0.02,0.44,1.76,5.17,17.62,19.74,17.99,16.19,13.23,6.98,2.47,0.6,49.35,50.65,URBAN
P.106,Selangor,P.106,Damansara,3.1378819,101.5966801,239103,20.66,66.14,9.98,0.25,0.49,0.27,2.23,99.77,0.02,0.2,0,5.55,17.9,18.47,18.5,15.97,13.04,7.64,2.52,0.4,48.67,51.33,URBAN
P.107,Selangor,P.107,Sungai Buloh,3.2061782,101.5800355,158090,62.62,20.7,10.44,0.07,0.78,0.48,4.9,98.46,0.03,0.34,1.17,9.64,26.95,21.21,16.95,13.87,7.84,2.75,0.65,0.12,50.1,49.9,URBAN
P.108,Selangor,P.108,Shah Alam,3.0739429,101.5185278,165744,73.36,12.67,11.92,0.09,0.55,0.33,1.08,98.9,0.04,1.03,0.03,8.12,23.57,22.03,17.73,13.54,10.33,3.86,0.71,0.12,49.91,50.09,URBAN
P.109,Selangor,P.109,Kapar,3.1377492,101.3732079,189369,68,15.26,14.21,0.06,0.51,0.17,1.79,99.73,0.01,0.26,0,8.31,25.57,21.75,17.19,14.18,8.63,3.43,0.79,0.15,49.76,50.24,URBAN
P.110,Selangor,P.110,Klang,3.0448394,101.4447363,208913,26.65,52.77,18.25,0.1,0.71,0.22,1.3,99.38,0.02,0.46,0.15,5.58,18.45,19.19,18.44,16.1,13.16,6.67,1.95,0.46,49.86,50.14,URBAN
P.111,Selangor,P.111,Kota Raja,3.0117686,101.5622842,244712,39.81,29.68,27.34,0.02,1.33,0.34,1.48,99.96,0.02,0.02,0,9.09,25.9,21.2,17.86,13.82,8.29,3.07,0.66,0.11,49.38,50.62,URBAN
P.112,Selangor,P.112,Kuala Langat,2.8365619,101.4961821,148637,54.86,23.76,17.28,2.02,0.42,0.17,1.47,99.26,0.01,0.25,0.48,7.79,23.55,22.61,17.84,13.53,9.29,3.95,1.18,0.25,49.75,50.25,SEMI URBAN
P.113,Selangor,P.113,Sepang,2.8008619,101.7094012,168039,62.92,19.15,13.14,2.12,0.71,0.4,1.55,98.87,0.03,1.1,0,9.11,25.2,21.37,17.73,13.43,8.35,3.49,1.08,0.23,50.24,49.76,SEMI URBAN
P.114,Wilayah Persekutuan Kuala Lumpur,P.114,Kepong,3.2026423,101.6372464,94285,5.62,85.51,7.08,0.01,0.87,0.14,0.77,99.69,0.01,0.3,0,4.14,14.88,16.2,18.22,19.37,15.55,8.54,2.73,0.37,50.24,49.76,URBAN
P.115,Wilayah Persekutuan Kuala Lumpur,P.115,Batu,3.2018234,101.6710223,113863,44.05,34.57,18.18,0.04,0.6,0.46,2.11,97.37,0.02,0.67,1.95,5.78,20.39,22.93,17.54,14.4,11.78,5.19,1.62,0.38,49.81,50.19,URBAN
P.116,Wilayah Persekutuan Kuala Lumpur,P.116,Wangsa Maju,3.2057781,101.7318615,120323,57.71,28.51,9.11,0.05,0.61,0.63,3.38,97.65,0.03,0.28,2.04,5.14,19.42,24.06,17.75,14.67,12.48,4.96,1.31,0.21,49.37,50.63,URBAN
P.117,Wilayah Persekutuan Kuala Lumpur,P.117,Segambut,3.1864418,101.6641964,119652,26.77,56.76,11.81,0.03,0.33,0.28,4.04,99.74,0.05,0.21,0,5.35,18.37,20.7,17.56,15.05,13.46,6.83,2.16,0.51,48.72,51.28,URBAN
P.118,Wilayah Persekutuan Kuala Lumpur,P.118,Setiawangsa,3.1757346,101.7359468,95753,60.52,24.51,11.69,0.05,0.81,0.97,1.45,87.31,0.04,2.87,9.78,5.28,20.44,25.86,17.5,14.15,11.25,4.18,1.09,0.24,51.31,48.69,URBAN
P.119,Wilayah Persekutuan Kuala Lumpur,P.119,Titiwangsa,3.1734326,101.6952622,80747,66.43,16.5,9.31,0.03,0.69,0.45,6.6,97.37,0.02,0.37,2.24,4.8,17.44,20.72,17.06,17.07,14.21,6.18,1.9,0.63,49.84,50.16,URBAN
P.120,Wilayah Persekutuan Kuala Lumpur,P.120,Bukit Bintang,3.1460953,101.7114762,79782,13.05,71.6,12.41,0.02,0.91,0.4,1.62,96.74,0.01,3.25,0,2.59,9.66,13.02,15.66,19.47,21.01,12.27,4.54,1.78,52.32,47.68,URBAN
P.121,Wilayah Persekutuan Kuala Lumpur,P.121,Lembah Pantai,3.101597,101.6688966,101828,59.09,19.14,17.18,0.04,1,0.63,2.92,90.38,0.02,9.55,0.05,4.01,15.82,22.46,18.94,16.57,13.35,6.36,2.04,0.46,52.14,47.86,URBAN
P.122,Wilayah Persekutuan Kuala Lumpur,P.122,Seputeh,3.1136874,101.68142,124805,12.06,76.78,8.96,0.01,0.52,0.22,1.43,99.65,0.02,0.32,0,5.01,16.97,17.92,18.61,16.84,13.5,7.91,2.77,0.48,48.72,51.28,URBAN
P.123,Wilayah Persekutuan Kuala Lumpur,P.123,Cheras,3.0991919,101.7374229,101184,13.44,77.09,7.77,0.01,0.56,0.23,0.9,98.86,0.01,1.13,0,3.79,13.75,16.21,17.88,18.45,17.08,9.07,3.14,0.64,49.74,50.26,URBAN
P.124,Wilayah Persekutuan Kuala Lumpur,P.124,Bandar Tun Razak,3.089635,101.7124347,119185,61.99,26.94,8.77,0.02,0.7,0.6,0.98,95.78,0.02,0.17,4.04,6.38,21.36,22.73,18.34,14.92,10.42,4.56,1.16,0.14,49.86,50.14,URBAN
P.125,Wilayah Persekutuan Putrajaya,P.125,Putrajaya,2.9384381,101.69223,42881,93.85,0.89,2.78,0.06,1.21,0.51,0.69,96.61,0.16,1.74,1.49,8.33,21,29.66,21.89,10.22,7.43,1.32,0.13,0,49.44,50.56,URBAN
P.126,Negeri Sembilan,P.126,Jelebu,3.0366264,102.1179206,59561,65.12,23.33,5.49,5.22,0.15,0.09,0.6,98.75,0.01,1.24,0,4.74,16.93,23.81,19.27,13.04,12.48,7.15,2.18,0.39,50.51,49.49,RURAL
P.127,Negeri Sembilan,P.127,Jempol,2.8502724,102.5081957,95813,63.63,22.01,12.74,0.89,0.1,0.08,0.55,99.59,0,0.41,0,5.02,19.37,27.28,16.27,11.28,13.38,5.81,1.37,0.22,49.01,50.99,SEMI URBAN
P.128,Negeri Sembilan,P.128,Seremban,2.723099,101.9400601,157244,51.29,31.9,13.93,0.8,0.38,0.26,1.45,98.97,0.03,0.98,0.02,6.67,21.15,20.66,16.84,14.57,11.89,5.76,2.01,0.45,49.62,50.38,URBAN
P.129,Negeri Sembilan,P.129,Kuala Pilah,2.7430758,102.2154881,63247,76.03,15.68,5.25,2.18,0.12,0.12,0.61,99.41,0.02,0.57,0,5.06,18.17,20.86,16.85,15.23,13.36,6.48,3.32,0.68,49.41,50.59,RURAL
P.130,Negeri Sembilan,P.130,Rasah,2.7188285,101.9404831,155896,32.57,42.64,22.38,0.39,0.36,0.32,1.34,98.48,0.02,0.46,1.04,7.01,22.13,20.39,16.85,14.3,11.33,5.6,1.94,0.45,49.37,50.63,URBAN
P.131,Negeri Sembilan,P.131,Rembau,2.5578923,102.1081637,133555,73.49,8.86,15.94,0.41,0.25,0.21,0.84,98.32,0.02,0.38,1.28,7.51,24.12,21.87,16.09,13.92,10.49,4.21,1.46,0.32,49.15,50.85,SEMI URBAN
P.132,Negeri Sembilan,P.132,Port Dickson,2.5262491,101.8106156,104450,43.6,31.87,21.41,0.3,0.83,0.94,1.05,92.92,0.01,0.5,6.57,6.6,21.37,22.39,17.13,14.09,10.95,5.35,1.75,0.38,51.12,48.88,SEMI URBAN
P.133,Negeri Sembilan,P.133,Tampin,2.4721537,102.2323504,81099,61.93,23.66,12.28,0.17,0.48,0.85,0.63,93.56,0,0.48,5.95,5,20.63,25.47,17.55,12.43,11.3,5.44,1.89,0.29,50.56,49.44,SEMI URBAN
P.134,Melaka,P.134,Masjid Tanah,2.3522253,102.1089793,69174,81.95,11.74,3.64,0.43,0.23,0.18,1.82,99.52,0.01,0.13,0.34,6.27,22.33,21.88,16.32,14.39,10.87,5.59,2,0.35,48.69,51.31,SEMI URBAN
P.135,Melaka,P.135,Alor Gajah,2.3834528,102.2107805,93311,61.39,23.78,13.07,0.74,0.17,0.15,0.7,99.4,0,0.57,0.02,6.34,20.98,21.65,16.95,14.36,11.31,5.86,2.17,0.39,49.22,50.78,SEMI URBAN
P.136,Melaka,P.136,Tangga Batu,2.2601,102.1523,115998,69.28,22.29,3.65,0.06,1.45,1.57,1.7,91.69,0.01,0.04,8.25,7.27,24.87,24.14,17.08,12.4,8.79,4.05,1.22,0.19,51.28,48.72,URBAN
P.137,Melaka,P.137,Hang Tuah Jaya,2.2714538,102.3079538,118493,61.73,30.62,6.04,0.01,0.31,0.2,1.09,98.97,0.01,0.79,0.23,6.4,21.78,22.62,16.83,13.93,11.26,5.34,1.59,0.24,49.02,50.98,URBAN
P.138,Melaka,P.138,Kota Melaka,2.1994594,102.2602305,164140,38.98,54.17,4.46,0.01,0.24,0.18,1.96,99.57,0.02,0.41,0,5.43,18.77,19.92,17.14,15.12,13.27,7.29,2.54,0.52,48.65,51.35,URBAN
P.139,Melaka,P.139,Jasin,2.3058097,102.422339,96208,73.29,15.5,10.12,0.14,0.09,0.09,0.77,99.76,0.01,0.24,0,6.41,22.08,21.49,16.96,14.71,10.77,5.3,1.98,0.31,48.77,51.23,SEMI URBAN
P.140,Johor,P.140,Segamat,2.4922852,102.8450367,69360,46.7,42.64,9.32,0.17,0.19,0.21,0.79,98.71,0.01,0.84,0.44,4.81,18.67,22.51,16.1,14.6,13.89,6.56,2.38,0.49,50.27,49.73,SEMI URBAN
P.141,Johor,P.141,Sekijang,2.527104,102.9392235,63981,57.76,36.58,4.07,0.31,0.08,0.09,1.11,100,0,0,0,5.97,21.03,23.2,17.68,12.97,11.26,5.9,1.77,0.23,49.44,50.56,SEMI URBAN
P.142,Johor,P.142,Labis,2.3834121,103.0199327,49846,37.55,43.75,15.36,2.31,0.14,0.06,0.84,99.91,0.01,0.08,0,4.79,17.92,20.68,17.88,15.97,12.57,7.01,2.63,0.55,50.26,49.74,SEMI URBAN
P.143,Johor,P.143,Pagoh,2.1494751,102.7714544,69939,66.08,29.25,3.42,0.57,0.09,0.06,0.53,99.85,0,0.15,0,5.75,20.76,22.15,16.53,14.53,11.8,5.3,2.68,0.51,49.79,50.21,RURAL
P.144,Johor,P.144,Ledang,2.25,102.5833333,104577,55.29,38.55,4.89,0.44,0.1,0.06,0.66,99.65,0.01,0.34,0,6.17,21.13,21.2,16.64,14.86,11.3,5.87,2.42,0.4,49.38,50.62,SEMI URBAN
P.145,Johor,P.145,Bakri,2.0424892,102.6539628,97335,45.39,51.62,2.12,0.01,0.15,0.13,0.58,99.05,0.01,0.94,0,5.31,19.44,20.77,17.38,15.11,12.48,6.54,2.5,0.46,49.4,50.6,URBAN
P.146,Johor,P.146,Muar,2.0425046,102.5658852,68925,66.35,31.25,1.34,0.1,0.16,0.1,0.71,99.17,0.01,0.82,0,5.86,20.94,21.59,16.91,14.28,11.43,5.95,2.46,0.59,49.58,50.42,SEMI URBAN
P.147,Johor,P.147,Parit Sulong,1.9759124,102.8830335,79484,80.21,18.07,0.47,0.33,0.06,0.07,0.8,99.94,0.01,0.05,0,5.87,20.39,19.96,16.21,15.98,12.14,6.24,2.67,0.54,49.1,50.9,RURAL
P.148,Johor,P.148,Ayer Hitam,1.9181728,103.1795162,61041,57.61,37.09,4.14,0.04,0.08,0.06,0.97,99.91,0.01,0.08,0,6.3,21.13,20.91,17.12,15.47,11.09,5.48,2.14,0.34,49.89,50.11,SEMI URBAN
P.149,Johor,P.149,Sri Gading,1.8541606,103.0304386,78602,63.69,33.83,1.37,0.04,0.12,0.08,0.86,99.86,0.02,0.05,0.07,7.34,24.53,20.88,16.33,14.44,9.92,4.42,1.87,0.27,49.51,50.49,SEMI URBAN
P.150,Johor,P.150,Batu Pahat,1.933333,103,133910,52.03,44.72,1.43,0.55,0.11,0.09,1.05,99.14,0.02,0.33,0.5,5.64,20.34,21.58,16.94,14.98,11.4,6.34,2.34,0.45,49.46,50.54,URBAN
P.151,Johor,P.151,Simpang Renggam,1.826736,103.308715,59033,60.53,28.69,8.63,0.14,0.2,0.14,1.68,98.78,0.01,1.22,0,5.92,21.25,22.25,16.55,14.93,10.98,5.53,2.16,0.42,50,50,RURAL
P.152,Johor,P.152,Kluang,2.0323472,103.3190766,132342,41.23,46.06,10.43,0.1,0.39,0.64,1.15,95.86,0.02,0.31,3.8,5.63,21.25,22.21,16.67,14.13,11.68,6.04,1.99,0.39,50.16,49.84,URBAN
P.153,Johor,P.153,Sembrong,1.9677552,103.3801406,54982,60.25,27.81,8.8,1.67,0.09,0.09,1.31,99.91,0.01,0.08,0,4.89,18.72,24.86,17.37,12.92,13.1,6.13,1.67,0.35,50.18,49.82,SEMI URBAN
P.154,Johor,P.154,Mersing,2.4298532,103.835494,66275,81.18,13.74,1.18,2.11,0.54,0.5,0.74,97.46,0.01,0.45,2.09,5.47,20.77,27.59,16.28,11.36,11.95,5,1.25,0.33,50.45,49.55,RURAL
P.155,Johor,P.155,Tenggara,1.8637505,103.6219072,67294,72.99,16.36,7.04,0.63,0.43,1.04,1.51,96.97,0.01,0.14,2.88,7.48,24.07,23.34,17.82,13.18,8.44,4.19,1.32,0.16,49.88,50.12,SEMI URBAN
P.156,Johor,P.156,Kota Tinggi,1.816667,103.966667,61291,88.67,7.96,1.78,0.13,0.14,0.2,1.12,99.35,0,0.65,0,5.06,18.28,26.27,19.2,11.9,10.93,6.64,1.44,0.28,50.16,49.84,RURAL
P.157,Johor,P.157,Pengerang,1.3944226,104.2154903,55316,89.38,8.06,0.75,0.4,0.34,0.35,0.73,98.66,0,0.31,1.03,5.47,18.05,25.25,22.16,10.93,8.85,7.6,1.33,0.36,50.37,49.63,RURAL
P.158,Johor,P.158,Tebrau,1.5354668,103.7572379,223301,44.96,38.77,11.44,0.1,0.53,1.32,2.88,99.87,0.01,0.12,0,9.67,27.08,20.41,18.27,14,7.14,2.56,0.72,0.15,50.37,49.63,URBAN
P.159,Johor,P.159,Pasir Gudang,1.4953437,103.9207048,198485,46.13,36.17,10.21,0.13,2.29,2.41,2.66,98.96,0.01,0.45,0.57,7.59,24.52,21.51,17.72,15.8,9.04,3.01,0.7,0.11,50.63,49.37,URBAN
P.160,Johor,P.160,Johor Bahru,1.503555,103.7495586,136368,51.42,39.23,5.9,0.03,0.43,0.53,2.46,98.52,0.02,1.46,0,4.21,15.7,19.77,17.47,16.32,14.77,8.36,2.71,0.68,50.07,49.93,URBAN
P.161,Johor,P.161,Pulai,1.5542,103.5948,165313,44.61,40.12,12.22,0.19,0.53,0.64,1.7,99.3,0.02,0.68,0,6.89,21.11,20.66,19.32,14.7,10.32,5.01,1.5,0.49,50.31,49.69,URBAN
P.162,Johor,P.162,Iskandar Puteri,1.4522711,103.6144729,222437,36.27,47.22,14.1,0.21,0.37,0.86,0.97,99.58,0.01,0.41,0,7.48,23.76,21.23,18.09,15.08,9.58,3.72,0.89,0.17,50.07,49.93,URBAN
P.163,Johor,P.163,Kulai,1.6666667,103.6,151247,36.96,49.21,11.58,0.02,0.5,0.53,1.21,99.51,0.01,0.45,0.03,7.67,23.41,19.62,17.71,15.19,9.6,4.8,1.7,0.29,50.3,49.7,URBAN
P.164,Johor,P.164,Pontian,1.5,103.5,75212,68.25,28.03,1.06,0.61,0.1,0.11,1.84,99.89,0.01,0.11,0,5.65,20.19,22.07,16.49,14.78,11.24,6.52,2.49,0.57,49.68,50.32,RURAL
P.165,Johor,P.165,Tanjung Piai,1.2679048,103.5086586,70679,57.02,40.05,1.02,0.04,0.18,0.16,1.54,99.56,0.01,0.43,0,5.84,20.39,20.86,17.21,15.29,11.39,6.22,2.27,0.54,50.74,49.26,SEMI URBAN
P.166,Wilayah Persekutuan Labuan,P.166,Labuan,5.3168336,115.2198613,44484,32.73,17.01,1.22,0,41.99,2.24,4.8,96.74,0.01,0.84,2.4,7.25,23.56,24.47,15.64,13.04,10.45,3.94,1.19,0.46,52.29,47.71,SEMI URBAN
P.167,Sabah,P.167,Kudat,7.2316455,117.1711562,75724,4.17,7.06,0.12,0.01,71.72,0.32,16.59,99.32,0,0.68,0,7.96,23.27,23.49,16.62,11.81,8.42,4.19,2.37,1.86,50.54,49.46,RURAL
P.168,Sabah,P.168,Kota Marudu,6.4465546,116.828293,80735,2.66,2.01,0.08,0,92.41,0.31,2.53,99.78,0,0.22,0,8.18,25.52,25.44,15.9,10.82,7.21,3.77,1.94,1.21,50.66,49.34,RURAL
P.169,Sabah,P.169,Kota Belud,6.3347195,116.4835961,79885,2.92,1.12,0.2,0,92.3,0.31,3.15,99.39,0,0.21,0.4,7.13,22.23,23.88,17.05,13.48,9.25,3.86,2.07,1.04,48.94,51.06,RURAL
P.170,Sabah,P.170,Tuaran,6.0659213,116.3198111,83419,4.76,4.24,0.23,0.01,87.17,0.48,3.11,99.77,0,0.23,0,7.75,22.31,23.93,16.88,13.83,9.08,3.59,1.65,0.98,49.79,50.21,SEMI URBAN
P.171,Sabah,P.171,Sepanggar,6.0679124,116.0743453,108370,12.97,17.07,0.54,0.01,61.13,0.73,7.55,97.98,0.01,0.01,2.01,8.83,27.26,25.28,15.57,11.23,7.8,2.54,0.93,0.57,51,49,URBAN
P.172,Sabah,P.172,Kota Kinabalu,5.9780066,116.0728988,74059,4.21,59.9,0.98,0,29.48,0.36,5.06,99.52,0.02,0.22,0.25,3.32,14.06,19.12,18.19,16.55,16.09,8.69,2.85,1.12,49.03,50.97,URBAN
P.173,Sabah,P.173,Putatan,5.8814478,116.0656182,63173,18.66,11.76,0.74,0.02,59.48,1,8.34,95.23,0.01,0.05,4.72,6.73,23.58,24.04,16.44,12.81,10.12,4.19,1.26,0.84,51.72,48.28,URBAN
P.174,Sabah,P.174,Penampang,5.8626228,116.1138146,77214,4.72,26.71,0.68,0,64.06,0.97,2.86,96.61,0.01,3.35,0.03,6.88,22.07,23.85,18.88,13.27,9.21,3.97,1.33,0.55,50.85,49.15,URBAN
P.175,Sabah,P.175,Papar,5.7461495,116.0449789,59942,8.92,6.29,0.3,0.01,79.46,0.67,4.37,98.62,0.01,1.38,0,7.61,22.15,21.75,18.05,14.66,9.89,4.03,1.28,0.58,49.93,50.07,SEMI URBAN
P.176,Sabah,P.176,Kimanis,5.6150677,115.8883036,40763,9.22,2.93,0.18,0,84.48,0.59,2.6,99.95,0,0.05,0,6.35,20.12,23.41,18.79,15.28,9.75,3.87,1.44,0.99,50.32,49.68,RURAL
P.177,Sabah,P.177,Beaufort,5.2911244,115.672474,43248,7.21,5.44,0.32,0.01,84.19,0.72,2.11,99.51,0,0.48,0,5.51,18.63,21.27,18.77,17.18,11.79,4.61,1.66,0.58,50.33,49.67,RURAL
P.178,Sabah,P.178,Sipitang,4.634452,115.6861012,45871,8.07,3.38,0.17,0,84.5,1.9,1.97,99.68,0,0.32,0,6.73,22.33,23.31,17.09,14.49,10.21,3.62,1.53,0.69,50.81,49.19,RURAL
P.179,Sabah,P.179,Ranau,5.8980313,116.6696079,66517,2.2,1.32,0.08,0.01,94.3,0.43,1.65,99.72,0,0.28,0,7.66,24.26,25.08,16.71,12.01,8.2,3.35,1.67,1.06,50.28,49.72,RURAL
P.180,Sabah,P.180,Keningau,5.2179477,116.2463149,87588,5.36,7.08,0.16,0.01,84.31,0.73,2.35,99.69,0,0.31,0,7.87,26.5,24.82,15.81,12.44,8,2.83,1.13,0.6,50.39,49.61,RURAL
P.181,Sabah,P.181,Tenom,4.9104025,115.9050951,42045,6.09,8.5,0.08,0,82.37,0.55,2.4,99.66,0,0.33,0,7.64,22.33,23.74,16.85,13.88,9.22,3.36,1.68,1.31,49.95,50.05,RURAL
P.182,Sabah,P.182,Pensiangan,4.5384978,116.3117345,55672,1.51,0.94,0.05,0.01,95.68,0.35,1.46,99.98,0,0.02,0,9.59,28.21,24.88,14.54,10.78,6.36,2.45,1.67,1.52,50.11,49.89,RURAL
P.183,Sabah,P.183,Beluran,6.1366933,117.3629228,44727,5.47,0.86,0.11,0,87.38,1.64,4.53,99.6,0,0.4,0,8.21,26.22,24.04,15.97,12.02,7.6,3.5,1.62,0.82,50.99,49.01,RURAL
P.184,Sabah,P.184,Libaran,6.1154317,118.0218224,72332,28.03,15.12,0.31,0,46.51,1.05,8.97,97.32,0,1.89,0.78,8.16,26.58,23.78,16.72,11.61,8.12,3.24,1.17,0.62,51.43,48.57,SEMI URBAN
P.185,Sabah,P.185,Batu Sapi,5.8037817,118.0445333,43916,14.83,26.98,0.31,0.02,50.47,0.87,6.51,98.24,0,0.65,1.11,7,24.05,22.23,15.32,13.32,10.09,4.57,2.03,1.4,51.63,48.37,URBAN
P.186,Sabah,P.186,Sandakan,5.8391274,118.1158598,55542,14.39,42.37,0.64,0.01,35.66,0.79,6.13,99.32,0.01,0.67,0,6.58,22.33,20.55,15.72,13.41,12.12,5.6,2.43,1.25,50.33,49.67,URBAN
P.187,Sabah,P.187,Kinabatangan,5.332648,118.1212915,44773,14.61,0.68,0.14,0,78.92,1.38,4.27,99.52,0,0.48,0,8.38,26.04,23.62,15.95,12.16,8.1,3.16,1.47,1.12,51.73,48.27,RURAL
P.188,Sabah,P.188,Silam,4.9566648,118.164739,100256,26.42,9.14,0.42,0.01,56.03,1.18,6.8,98.23,0,1.36,0.41,8.81,27.73,24.81,14.75,11.32,8.08,2.77,1,0.74,51.91,48.09,SEMI URBAN
P.189,Sabah,P.189,Semporna,4.4790765,118.4297732,72169,6.6,1.52,0.14,0.01,87.61,0.33,3.79,98.7,0,0.94,0.36,9.1,26.01,22.58,16.69,12.24,7.9,2.59,1.58,1.32,49.77,50.23,RURAL
P.190,Sabah,P.190,Tawau,4.2435206,117.885331,87477,33.96,29.52,0.38,0,28.55,1.2,6.38,98.65,0.01,0.81,0.53,7.01,23.09,21.67,16.42,13.64,11.1,4.6,1.61,0.86,51.34,48.66,URBAN
P.191,Sabah,P.191,Kalabakan,4.4808936,117.4071326,83970,49.17,8.37,0.36,0.01,32.93,2.21,6.93,96.73,0.01,0.6,2.67,7.69,27.03,26.27,15.51,10.58,8.53,2.81,0.99,0.6,51.87,48.13,URBAN
P.192,Sarawak,P.192,Mas Gading,1.4166866,110.1561153,47171,5.14,17.08,0.18,0.01,0.42,76.84,0.32,98.62,0,0.32,1.06,6.47,21.45,19.52,16.99,16.74,11.32,5.39,1.7,0.41,51.27,48.73,RURAL
P.193,Sarawak,P.193,Santubong,1.7368773,110.3325372,79540,78.03,7.92,0.09,0,0.26,13.36,0.34,99.79,0,0.15,0.06,8.21,25.1,21.72,16.93,13.77,8.85,4.02,1.13,0.26,49.54,50.46,SEMI URBAN
P.194,Sarawak,P.194,Petra Jaya,1.5715783,110.351203,109809,69.37,13.41,0.59,0,0.33,15.91,0.38,99.15,0.02,0.84,0,7.47,23.86,22.65,16.97,13.88,9.29,4.27,1.3,0.31,49.04,50.96,URBAN
P.195,Sarawak,P.195,Bandar Kuching,1.6346489,110.3422861,109710,4.53,85.26,0.7,0,0.24,8.73,0.55,98.94,0.01,1.01,0.03,3.51,12.6,16,17.06,18.08,18.04,10.19,3.61,0.93,48.63,51.37,URBAN
P.196,Sarawak,P.196,Stampin,1.5078284,110.3516797,121009,14.56,61.57,0.68,0,0.3,22.56,0.32,97.09,0.02,0.95,1.94,6.77,22.21,23.09,19.21,13.3,9.27,4.55,1.32,0.28,50.56,49.44,URBAN
P.197,Sarawak,P.197,Kota Samarahan,1.4596157,110.4954562,82229,55.76,13.26,0.24,0.01,0.57,29.87,0.29,93.81,0,0.27,5.91,8.39,25.19,23.72,17.6,12.31,7.79,3.62,1.16,0.21,50.63,49.37,SEMI URBAN
P.198,Sarawak,P.198,Puncak Borneo,1.3350614,110.3048801,79969,4.8,24.91,0.18,0.01,0.33,69.49,0.28,98.98,0,1.02,0,6.54,20.63,21.19,17.56,15.87,11.13,5.09,1.56,0.43,50.76,49.24,RURAL
P.199,Sarawak,P.199,Serian,1.1136159,110.6182211,65273,7.6,10.21,0.17,0,0.23,81.54,0.25,99.76,0,0.24,0,6.35,19.87,20.48,17.37,16.78,11.81,5.4,1.53,0.41,50.78,49.22,RURAL
P.200,Sarawak,P.200,Batang Sadong,1.418612,110.7036751,32640,69.99,5.19,0.05,0,0.2,24.35,0.22,99.68,0,0.32,0,6.67,19.73,20.49,16.47,16.68,11.8,6.01,1.62,0.53,49.37,50.63,RURAL
P.201,Sarawak,P.201,Batang Lupar,2.5023855,112.9547283,43072,70.74,2.7,0.02,0,0.15,26.03,0.36,99.95,0.01,0.04,0,6.38,20.46,21.76,16.54,16.58,10.83,5.4,1.56,0.5,50.05,49.95,RURAL
P.202,Sarawak,P.202,Sri Aman,1.2097123,111.2866092,50164,10.31,16.81,0.06,0.02,0.32,72.17,0.32,98.24,0,0.74,1.02,6.29,20.53,19.05,16.28,16.05,12.49,6.78,2.03,0.5,50.28,49.72,RURAL
P.203,Sarawak,P.203,Lubok Antu,1.2860121,111.8674654,28995,1.73,7.95,0.05,0,0.24,89.65,0.38,99.68,0,0.31,0,5.81,17.61,19.36,17.18,17.79,12.48,6.73,2.18,0.86,50.48,49.52,RURAL
P.204,Sarawak,P.204,Betong,1.4797292,111.474787,41743,43.65,6.37,0.03,0.01,0.14,49.49,0.31,99.69,0,0.31,0,6.22,20.54,21.52,16,16.2,11.44,5.81,1.84,0.43,50.16,49.84,RURAL
P.205,Sarawak,P.205,Saratok,1.7668371,111.4087566,44531,36.9,6.64,0.03,0,0.19,56.05,0.19,99.73,0,0.27,0,6.64,20.71,20.84,15.92,16.55,11.94,5.56,1.43,0.41,49.91,50.09,RURAL
P.206,Sarawak,P.206,Tanjong Manis,2.129,111.2907,32948,23.26,6.06,0.05,0.01,0.43,69.82,0.38,99.98,0,0.02,0,6.88,22.45,21.37,17.29,15.54,10.19,4.55,1.24,0.48,49.94,50.06,RURAL
P.207,Sarawak,P.207,Igan,2.8212516,111.7063114,28290,5.96,3.83,0.02,0,0.47,89.43,0.28,99.73,0,0.27,0,6.68,23,21.79,15.98,15.39,10.46,5.08,1.3,0.31,49.41,50.59,RURAL
P.208,Sarawak,P.208,Sarikei,2.1294846,111.5230586,55018,4.56,60.65,0.03,0.01,0.2,34.32,0.22,99.4,0,0.6,0,5.54,19.36,20.29,17.55,16.06,12.2,6.15,2.17,0.67,50.27,49.73,RURAL
P.209,Sarawak,P.209,Julau,1.8198041,111.8990022,34850,0.48,4.98,0.02,0.01,0.17,93.77,0.56,99.81,0,0.19,0,6.3,20.47,19.97,17.9,16.75,10.36,5.25,1.98,1.02,51.03,48.97,RURAL
P.210,Sarawak,P.210,Kanowit,1.9353301,112.2098575,30988,1.74,11.53,0.02,0,0.2,86.19,0.32,99.73,0,0.27,0,6.28,19.45,20.88,16.43,16.27,11.83,5.78,2.11,0.98,49.94,50.06,RURAL
P.211,Sarawak,P.211,Lanang,2.2397256,111.8478428,87356,4.23,64.96,0.05,0.01,0.45,30.07,0.23,98.02,0,0.82,1.16,5.99,21.08,19.8,17.21,15.1,12.11,6.09,1.99,0.63,49.33,50.67,URBAN
P.212,Sarawak,P.212,Sibu,2.2906434,111.8256158,105875,10.4,62.03,0.12,0.02,0.46,26.75,0.22,97.82,0.01,0.51,1.66,6.25,21.32,21.87,17.81,14.84,10.69,5.01,1.69,0.53,49.75,50.25,URBAN
P.213,Sarawak,P.213,Mukah,2.8118528,112.291206,46964,3.29,9.89,0.05,0,0.46,86.07,0.23,99.57,0,0.43,0,6.66,21.83,20.73,16.92,15.67,10.75,5.61,1.49,0.34,50.63,49.37,RURAL
P.214,Sarawak,P.214,Selangau,2.4955896,112.3524958,45743,1.01,3.78,0.02,0,0.27,94.5,0.43,99.81,0,0.19,0,7.52,21.74,20.72,17.6,15.34,9.75,4.7,1.77,0.85,50.61,49.39,RURAL
P.215,Sarawak,P.215,Kapit,2.0139027,112.9356766,45210,2.37,8.71,0.04,0,0.23,88.09,0.56,99.59,0,0.4,0,6.79,20.91,21.61,16.7,15.65,10,5.33,2.07,0.94,49.54,50.46,RURAL
P.216,Sarawak,P.216,Hulu Rajang,2.2907,114.849,43438,0.98,1.81,0.03,0.02,0.42,95.97,0.77,99.82,0,0.18,0,7.55,22.72,21.21,16.32,14.47,9.31,4.74,2.29,1.39,51.02,48.98,RURAL
P.217,Sarawak,P.217,Bintulu,3.1874261,113.0472803,113599,9.81,25.24,0.1,0,0.64,63.79,0.42,99.25,0,0.34,0.41,7.76,24.6,21.6,16.18,14.94,9.79,3.73,1.01,0.39,50.84,49.16,URBAN
P.218,Sarawak,P.218,Sibuti,4.5126609,114.0146618,58522,18.39,22.84,0.17,0,0.72,57,0.88,98.67,0.01,0.09,1.24,6.91,23.94,23.43,16.32,13.25,10.25,4.47,1.1,0.32,51.52,48.48,RURAL
P.219,Sarawak,P.219,Miri,4.392739,113.9880255,143229,16.78,46.38,0.32,0,0.79,35.13,0.6,99.27,0.01,0.73,0,6.74,22.56,21.75,16.65,14.37,11.17,4.82,1.46,0.47,49.87,50.13,URBAN
P.220,Sarawak,P.220,Baram,3.2022972,115.3967428,59535,4.52,7.44,0.04,0.04,0.34,86.59,1.04,99.87,0,0.13,0,6.34,19.13,19.55,16.69,16.36,12.01,5.43,2.68,1.8,51.69,48.31,RURAL
P.221,Sarawak,P.221,Limbang,4.3519985,115.0602417,41999,25.82,17.48,0.1,0,6.21,49.39,1.01,99.14,0,0.86,0,6.77,20.66,21.9,17.1,14.78,11.84,4.78,1.61,0.55,51.06,48.94,RURAL
P.222,Sarawak,P.222,Lawas,4.4551211,115.427188,33655,35.9,9.42,0.12,0.01,3.1,50.58,0.86,99.7,0,0.3,0,7.08,22.25,21.69,16.95,14.65,10.88,4.34,1.57,0.6,51.77,48.23,RURAL
